comment_id,text_clean,subreddit,post_title,gold_label,notes
ns3xt9p,"A lot of people launch without a clear problem or audience. I didn‚Äôt get my first sale until I stopped talking about features and started talking about the result someone actually wants. Once you know who you‚Äôre helping and why, the first sale hits.",Entrepreneur,Why do most online service businesses never land their first sale?,,
ns1q4j9,Good thing you found out early before you find out late when you have traction and you need lawyers and auditors and compliance nightmares that comes with healthcare solutions. Many underestimate this domain.,Entrepreneur,I spent 2 years building a health-tech app. It failed. Here is the honest post-mortem,,
ns3ybg5,Coming from YouTube ads primarily? Or something else?,Entrepreneur,Don‚Äôt sleep on Gen Alpha‚Äôs impact on what families buy,,
ns3i36z,"So basically this is a long winded story to say ‚ÄúMarket to the parents‚Äù Love the analysis, but it‚Äôs a very old marketing trick.",Entrepreneur,Don‚Äôt sleep on Gen Alpha‚Äôs impact on what families buy,,
ns3vdaq,"Smart entrepreneurs find the clients BEFORE they build the product, preferably money / investment alongside it. Rule #1 of being a successful startup is don‚Äôt use your own money. Have someone else take the risk. Good learnings though. Better luck next time!",Entrepreneur,I spent 2 years building a health-tech app. It failed. Here is the honest post-mortem,,
ns1cxw5,"First: Unless super tech-heavy; if you can't explain your idea to your -normal- friends, you might need to work on your pitch (or even the idea). Second: This is the reason I do everything with co-founders. Share the burden together, celebrate together. Not everyone is made to start a business all by themselves (and you might get stuck in your own bubble), it would never work for me, being solo.",Entrepreneur,Building alone is underratedly painful nobody is prepared for the emotional side of entrepreneurship,,
ns4o2v7,"Primary: 30-55, middle class and up...people with something to pass on, even if it's just digital accounts, photos, and a few possessions. You don't need a trust fund to want your kids to get your stuff without chaos. Secondary: their advisors , estate attorneys, financial planners, tax pros who can recommend it to clients as part of a complete planning package. The pricing reflects this: $9/month basic, $19 premium, $39 family. Not a premium product for the wealthy, just a practical tool for anyone who'd rather spend 20 minutes organizing now than leave a mess for their family later.",Entrepreneur,I quit shift work at 45 to build a SaaS in a space nobody wants to think about - digital estate planning,,
ns1oms6,"Really appreciate how honest this breakdown is. Most post-mortems either dodge the real causes or bury everything under hindsight bias. You hit the root issues clearly: mansion MVP, empty-market illusion, and scaling costs before traction. Your ‚Äú3 coders, 0 marketers‚Äù line is painfully accurate because that is where most health-tech apps quietly die. If you want, I can walk you through how I help early teams pressure-test ideas faster by externalizing assumptions, capturing user signals earlier, and building only what the market is actually pulling for. Zero fluff, just practical guardrails that keep you from repeating the same pattern on the next build.",Entrepreneur,I spent 2 years building a health-tech app. It failed. Here is the honest post-mortem,,
ns3u16e,is there an api for concert data? stuff like letterboxd rely on tmdb or do people have to add concerts manually,Entrepreneur,Built 'Letterboxd for concerts' with no dev experience. 30 users. What now?,,
ns2ix5r,I‚Äôm a diabetic. What does your app do?,Entrepreneur,I spent 2 years building a health-tech app. It failed. Here is the honest post-mortem,,
ns2a44x,What is it written in? What does it do with diabetics? I'm in healthcare and software development,Entrepreneur,I spent 2 years building a health-tech app. It failed. Here is the honest post-mortem,,
ns4cji4,"Usually because they are launched by people who know how to do the thing they want to offer, but don't know how to sell it. It's very easy to miss, but being top notch at your skill is only 50% of the game. The other 50% is business - usually in the form of marketing and sales - and it's a very different skill set. This is also why people with no specific professional skills seem to do better in business.",Entrepreneur,Why do most online service businesses never land their first sale?,,
ns3ktes,"True, the idea of marketing to kids through their parents has been around forever. What feels new here is the range of categories where it‚Äôs happening. Beauty products, limited edition drops and subscriptions weren‚Äôt really on our radar as kids. Now they‚Äôre becoming part of how families spend, and it‚Äôs changing the way parents make decisions.",Entrepreneur,Don‚Äôt sleep on Gen Alpha‚Äôs impact on what families buy,,
ns4j747,"Fall down 10 times, get back up 11. Never give up.",Entrepreneur,Mistakes to avoid?,,
ns3is97,"Appreciate it! Here's how it works: You add recipients with their email, phone number, or both. Then you choose how each recipient gets notified when the time comes - email, SMS, or both. You set your check-in schedule (weekly, monthly, whatever works). If you fail to check in the check in, and grace period you set, the system automatically delivers everything to the right people based on what you assigned to them. Recipients don't need to do anything until the moment it matters. But if you want to bring family on board now, there's a Family plan where multiple people can organize together. Let me know how it goes - early feedback is gold right now. And sure, curious about test synthia - what's the approach?",Entrepreneur,I quit shift work at 45 to build a SaaS in a space nobody wants to think about - digital estate planning,,
ns4tum4,Spent 1 month ‚Äúbuilding‚Äù before talking to a single potential customer,Entrepreneur,Mistakes to avoid?,,
ns2iur1,"It's funny because ours was the opposite. We spent two years focused on pitching, marketing and management. Two coders and two business people; I'm part of the business half. But our first year was spent on talking to people, marketing and pitching to investors. Eventually, we secured preseed by EOY1. Our second year was the attempt to supercharge tech velocity via hiring contractors and going agro on marketing to ""pressure the tech team"" to build fast. So by EOY2, we had preseed investors, pitch award medals/certs local and intl, beta testers, active socmed, user contacts, marketing interns, hiring experience, an incubator, domain-specific mentors, etc. but no product... LMAO that founding team mix eventually fell apart, we reorganized, and I've learned how to code since then. Thank God. We're now at 30+ users with a working MVP, having only begun this new venture 6 weeks ago. Life is crazy.",Entrepreneur,I spent 2 years building a health-tech app. It failed. Here is the honest post-mortem,,
ns562j5,"Starting without validation is basically buying a lottery ticket. You might hit, but odds are you'll spend months building something nobody actually needs. Most ""failed"" projects don't fail because of bad code, they fail because they solved a problem people didn't care about. Validation doesn't have to be this huge, formal thing either. Just start talking to the people you think you‚Äôre building for. 5 or 10 honest conversations can save you months of building in the wrong direction. interviewing your market is building. Don't get discouraged. You‚Äôre genuinely one good insight away from a direction that clicks.",Entrepreneur,Do you really need to validate your idea?,,
ns19mif,yeah the isolation is the real grind. that feeling of fighting yourself... it's a constant battle.,Entrepreneur,Building alone is underratedly painful nobody is prepared for the emotional side of entrepreneurship,,
ns4iewb,"Actually, there is no shortage of service providers in this area. The people with wealth set up trusts. ¬´ Family offices ¬ª abound. Insurance and annuity companies have legions of representatives beating the bushes for new business. As you said. People don‚Äôt want to think about it. If you‚Äôre in good health, you will think about it later. If you‚Äôre not in good health then you‚Äôre already struggling with the cost of staying alive. The funeral industry is dominated by a handful of large corporations buying up most independent funeral homes. That leaves the new crop of ¬´ green ¬ª undertaker that drop you in the ground with a living tree to absorb the released nutrients. So what segment of the population (by net worth) are you targeting?",Entrepreneur,I quit shift work at 45 to build a SaaS in a space nobody wants to think about - digital estate planning,,
ns145yt,Bro this hits different when you're explaining your idea for the 50th time and your friends just nod and change the subject to Netflix shows The worst part is when you finally make progress but there's literally no one around who gets why it's a big deal so you just sit there like üéâ by yourself,Entrepreneur,Building alone is underratedly painful nobody is prepared for the emotional side of entrepreneurship,,
ns3luvu,"Loads of idiot entrepreneurs, though, claiming they've found a ""blue ocean"". No, pal, it's just a market segment no one wants to serve because there is no money in it, or the customers in it are c1nts.",Entrepreneur,I spent 2 years building a health-tech app. It failed. Here is the honest post-mortem,,
ns27vdy,"It really is great marketing for whatever they‚Äôre selling on their blog, isn‚Äôt it?",Entrepreneur,I spent 2 years building a health-tech app. It failed. Here is the honest post-mortem,,
ns4kfx5,"This reminds me of the story of Mars Chocolate and how they originally marketed M&Ms. The bright colors appealed to children, but the hard coated shell was very strategic. The slogan was ""melt in your mouth, not in your hands."" Parents loved this because back then typical chocolate candies would cause kids to make a mess as the chocolate would melt",Entrepreneur,Don‚Äôt sleep on Gen Alpha‚Äôs impact on what families buy,,
ns3p666,"Web design and SEO. It‚Äôs tedious to learn at first, but so much better than paying someone to do it",Entrepreneur,What‚Äôs one underrated skill that helped you make (or save) the most money in your business?,,
ns3qtw9,"Actually talking to your customers, getting their feedback, seeing if there are any other problems that they need solving. Repeat customers are easier to get than new customers",Entrepreneur,What‚Äôs one underrated skill that helped you make (or save) the most money in your business?,,
ns2hr6w,Ha! I know how this feels! Spent a year involved in a cancer app. Huge issues with monetization plans. Had to leave as I could see no way the problems were going to get solved...,Entrepreneur,I spent 2 years building a health-tech app. It failed. Here is the honest post-mortem,,
ns25or9,"Lol fair enough - I know these posts all look the same, but these are the struggles of people launching apps. How I learned: Self-taught while doing Epicode's Data Analytics bootcamp. Before that, 21 years of shift work with zero coding experience. Tech stack: React + TypeScript, Supabase for backend/auth, Vercel for hosting, Stripe for payments, Cloudflare R2 for file storage. AI tools used: Claude for pair programming, helped me move way faster than I could alone. I'm not pretending I'm a 10x dev - I'm a guy who learned to build by building. Business model: Monthly subscriptions ($9-39/mo). Launched today, zero customers so far, figuring it out in public. Where I'm launching: You're looking at it - Reddit, LinkedIn, that's it. No budget for ads. Real human, real app, real launch day. Ask me anything.",Entrepreneur,I quit shift work at 45 to build a SaaS in a space nobody wants to think about - digital estate planning,,
ns3tlde,"Marketing is fucking hard! It's hard to prove you're good at something if you have no examples when first starting out. People give up way too quickly (I'm on year 5 of working for myself and still don't have it figured out by any stretch of the imagination) People who are chronically online (like me) can often perceive their value and skills as being lesser than all the influencers, redditors etc whose articles and comments they read, however in reality (like me) they may actually be vastly more knowledgeable than the majority of people they actually want to sell to * And finally, sales and people skills - not something taught in school! (non exhaustive list haha)",Entrepreneur,Why do most online service businesses never land their first sale?,,
ns25b47,You're another AI bot? it's the same formatting everyday. Tell us how you learned to code apps and what tools you've used to build it? Where are you launching it? What's your business model?,Entrepreneur,I quit shift work at 45 to build a SaaS in a space nobody wants to think about - digital estate planning,,
ns21u3j,"Really valuable insight - the B2B2C angle through insurance companies and banks makes a lot of sense. Getting past the ""I'll do it later"" barrier is the hardest part of this space. On jurisdictions: Right now, 3terna doesn't generate legal documents - we're focused on organizing the practical stuff (accounts, passwords, documents, messages) and making sure the right people can access it when the time comes. That said, the long-term vision includes a marketplace connecting users with lawyers, financial planners, and other professionals who can handle the jurisdiction-specific legal side. We'd be the digital layer, they'd be the legal layer.",Entrepreneur,I quit shift work at 45 to build a SaaS in a space nobody wants to think about - digital estate planning,,
ns1l2e0,Only truth here. The loneliness that comes with solo entrepreneurship is no joke.,Entrepreneur,Building alone is underratedly painful nobody is prepared for the emotional side of entrepreneurship,,
ns4xhn7,"Focus on one thing at a time and don‚Äôt try to chase every opportunity. Avoid spending money before you validate demand, and don‚Äôt ignore customer feedback. I learned the hard way that assumptions without testing almost always cost more than they save.",Entrepreneur,Mistakes to avoid?,,
ns1qbsv,"Smart move honestly, people are terrible at this stuff until it's too late. Have you thought about partnering with financial advisors or insurance agents? They're already having those awkward conversations anyway and might push it as an add-on service The under-50 crowd is probably your goldmine since they're digital natives but haven't dealt with this reality yet",Entrepreneur,I quit shift work at 45 to build a SaaS in a space nobody wants to think about - digital estate planning,,
ns4c8cq,"1- You already have 30 users, that's a lot. Give them features that nudge them to share their experiences in the app on other social media. The ideal marketing tactic is sharing content. Find subs where you can share your concert reviews (and photos, etc.) and that of your users. Find subs where you can engage with your target audience in a way that serves your product. A question like ""How do you make sure you don't forget your concert experiences?"" is something you could often ask. The goal of these interactions should be to leave a link to your app. 2- Ask your users and listen to the people you engage with (see previous step). Growth will start from them, not from ideas you have. First you listen, then you think about growth tactics. 3- Maybe, if I were in your milieu.",Entrepreneur,Built 'Letterboxd for concerts' with no dev experience. 30 users. What now?,,
ns1t7ev,"My father of 67 retired last year and has been working digital for most of his work life. I would focus more on 50-70 years olds, their parents are of dying age so either they need it for their parents, and if too late, understand that they want the product for themselves. For under 50 its a bit too far from reality to push ads to, nobody will bite the bait. But of course automatic ad optimization will fix that for you.",Entrepreneur,I quit shift work at 45 to build a SaaS in a space nobody wants to think about - digital estate planning,,
ns1o2nu,"How is that a classic founding team? I always learned that the classic (and ideal) founding team has a dreamer (product/marketing), a hustler (sales/operations) and a nerd (coder/tech). Easiest to get funded.",Entrepreneur,I spent 2 years building a health-tech app. It failed. Here is the honest post-mortem,,
ns1uvfe,What does your app do?,Entrepreneur,I spent 2 years building a health-tech app. It failed. Here is the honest post-mortem,,
ns20vjh,A good friend of mine is in this space. Selling this direct to consumer was a massive uphill battle. They ended up selling branded service through insurance companies and banks and associations who provide it as a perk to their membership. How are you making sure your generated documents account for various legal requirements in different jurisdictions?,Entrepreneur,I quit shift work at 45 to build a SaaS in a space nobody wants to think about - digital estate planning,,
ns4r1r5,The amazing part is you never have someone telling you what to do. But the hard part is you never have someone telling you what to do.,Entrepreneur,Building alone is underratedly painful nobody is prepared for the emotional side of entrepreneurship,,
ns1r9sc,"Really appreciate that validation from someone who gets it means a lot when you're building solo. And funny you mention financial advisors/insurance agents - I actually built a marketplace into the app for exactly that. Connects users with professionals: lawyers, financial planners, even funeral homes. The idea is to be the hub, not just a vault. The under-50 angle is spot on. We've got more digital assets than any generation before us and zero plan for what happens to them.",Entrepreneur,I quit shift work at 45 to build a SaaS in a space nobody wants to think about - digital estate planning,,
ns3r2bv,Sounds like a fake ai story,SaaS,partnered with a competitor and we both grew faster than fighting each other,,
ns30051,Thanks! Most customers are from LinkedIn and reddit since my target audience are professionals,SaaS,Reached 1000 usersü§©ü•≥,,
ns2zo6b,"Glad you're following along! It's a tough nut to crack. It feels like there has to be a better way than spending half your day on outreach that might not even work. The burnout from that grind is real, especially when you're just trying to validate the idea.",SaaS,"For those who have successfully acquired their first 10-20 customers for validation, what actually worked?",,
ns22zmk,At that point why not just merge? Most companies have small and enterprise plans,SaaS,partnered with a competitor and we both grew faster than fighting each other,,
ns1wshf,"Awesome breakdown, thanks for sharing! I totally agree with the ""niche communities"" strategy. The real challenge is the sheer daily time commitment for that outreach. It's hours of just finding the right conversations before you can even add value. That part alone feels like a recipe for burnout before you get any real results.",SaaS,"For those who have successfully acquired their first 10-20 customers for validation, what actually worked?",,
ns3xnln,"Congrats! I notice you post in r/nocode a lot, what kind of tools did you use to build your Saas? I've always thought it would be hard making something unqiue without coding",SaaS,Reached 1000 usersü§©ü•≥,,
ns06ykm,"You got hosed, we did ours for half as much. It‚Äôs just box checking. Can‚Äôt believe you paid $12k for a pen test holy moly",SaaS,Got SOC 2 certified. Cost $28K. Won exactly one deal because of it.,,
ns1xrzb,"I‚Äôm so glad you wrote this message, I‚Äôve been in the same situation and I am still so fucking angry that I can‚Äôt even put it into words. All the sycophants vanished, all the LI messages and cheers vanished, and I can feel people distancing themselves and giving me the stink eye‚Ä¶ My family doesn‚Äôt get it either, and I broke up with my gf when all this shit was going down. It‚Äôs gonna be a long dark winter. This delusional bullshit machine will chew up and spit out 99.9% of founders, but we‚Äôre all so convinced that we are the 0.1% what a waste of time and energy",SaaS,I shut down my startup after 2 years. Here‚Äôs the part nobody talks about.,,
nqwenh2,"Btw, not sure but everyone (SaaS ppl) should check out Appsumo on Blackfriday, they hav great tools too (not all lifetime products end up being life time though... many end soon.. I had about 60% success rate so far..)",SaaS,Monthly Post: SaaS Deals + Offers,,
nmtceg9,[youcanfindit.com]( Find your next business idea through expired patents 3 day free trial!,SaaS,Monthly Post: SaaS Deals + Offers,,
ns3b9wp,This is such an underrated growth play. Wild how ‚Äúcompetitors‚Äù can actually expand the market instead of fighting over crumbs.,SaaS,partnered with a competitor and we both grew faster than fighting each other,,
ns0jyei,‚ÄúEveryone is expecting things to result in artworks and masterpieces but sometimes they end up with hodge-podge collages.‚Äù - a startup friend of mine,SaaS,I shut down my startup after 2 years. Here‚Äôs the part nobody talks about.,,
nrz0qdv,Sounds like you work for vanta,SaaS,Got SOC 2 certified. Cost $28K. Won exactly one deal because of it.,,
ns4wweh,"Congrats!!! Would you be open to share your ""how to"" especially how did you got so many users within only 2 months?",SaaS,Reached 1000 usersü§©ü•≥,,
nq7aa5r,Sounds extreme but I've been considering this option. It's hard to motivate users to actually use the product as it's intended to be used.,SaaS,Monthly Post: SaaS Deals + Offers,,
nrzuk4u,"""f those 340 customers paid monthly at even 50% of normal price ($19.50), with average 14-month retention, that's $92,820 in revenue"" Except most of those people would never had bought in the first place if it was not a LTD, so you're not leaving any revenue on the table To limit reviews, one trick is to build your own review system (basically a popup asking them to add stars and show it proactively), and if they leave 2 or 3, just say. ""Sorry about that' what can we improve?"" and let them enter feedback. For anyone entering 4 or 5, redirect them to your actual review website That way people evacuate their frustration on your popup that's not public and not the real place you collect reviews :)",SaaS,Sold 340 lifetime deals for $149 each. 18 months later I regret every one.,,
nqnov1y,"Hey! We‚Äôve built a tool that automatically turns product walkthrough screen recordings (also desktop or mobile) into structured documentation / user how-to manuals with screenshots. Output is also editable and export in Markdown, HTML and PDF avaliable. I think it could help tech founders, product managers and their teams to save hours on documentation writing. We‚Äôre still early stage and really open to feedback. It‚Äôs free to try for 1‚Äì3 documentation generations, and friendly pay-as-you-go pricing, so you can use it only when needed, no subscriptions. If anyone checks it out, I‚Äôd love to hear whether this kind of tool would help to automate your work and what else you‚Äôd want it to do? The link -",SaaS,Monthly Post: SaaS Deals + Offers,,
ns38j3j,Congrats on your success! How did you reach a lot of users? Like what strategies and steps did you use ?,SaaS,Reached 1000 usersü§©ü•≥,,
ns3juez,"LinkedIn, reddit and YouTube. Sometimes Facebook groups.",SaaS,Reached 1000 usersü§©ü•≥,,
ns03grl,So the account is 3 years old. But they hide all their posts and comments. So...is this the Reddit model? Build old accounts so that you can sell your comments to marketers by posting stuff like this?,SaaS,Got SOC 2 certified. Cost $28K. Won exactly one deal because of it.,,
ns3d5l6,"Congrats brother, what strategies did u used to get very initial customers? And what does ur saas does?",SaaS,Reached 1000 usersü§©ü•≥,,
ns44e75,"Congrats, really cool! I also like the product - solving a real issue and painpoint for most of us.... but how will you approach the fact that customers could do same with some prompts in nano etc? Whats your strategy?",SaaS,Reached 1000 usersü§©ü•≥,,
nrxqu7c,"I hear too much complaining. Complaining doesn't make money. First, outcome doesn't say if decision was good or bad. You needed money at that point . You made a good decision. Second, lot of generalization. They give 1star? Did all of them give one star? What PCT of Ltd gave 1 star? How many Oct of monthly gave 1 star. Third, you are saying Ltd don't use anything , but before that you complained they always request feature. Forth, shoulda woulda coulda, easy to be general after the battle. These crap loser attitude ""I left money on the table"" will do you no good. Start thinking how to bring money to the table now with what you got. Stop complaining and go back to work",SaaS,Sold 340 lifetime deals for $149 each. 18 months later I regret every one.,,
nmujb35,"I am suggesting $25 Amazon Gift Cards in exchange of you sign in to my SaaS, explore 1 feature, test and give me 3 question feedback! Message me.",SaaS,Monthly Post: SaaS Deals + Offers,,
nrx3zlj,"If more than 20% of your LTD users are still using your product regularly, that's a good sign. Don't treat them as a headache. Treat them as an opportunity. Talk to them often, not just when they open support tickets. Make them feel like they can reach out to you directly before leaving a bad review. Use them as beta testers when you ship new features. Get their feedback first, then roll out to everyone else. They're already invested in your product. Use that to your advantage.",SaaS,Sold 340 lifetime deals for $149 each. 18 months later I regret every one.,,
ns06j6b,I paid Vanta 14k for my Type II why would they advertise that much expense?,SaaS,Got SOC 2 certified. Cost $28K. Won exactly one deal because of it.,,
nnh5563,"Difinity.ai - An enterprise AI governance and compliance platform. Pilot program - free 1 year with our dev team available to help integrate your AI apps for real time policy enforcement, Audit trails and compliance management.",SaaS,Monthly Post: SaaS Deals + Offers,,
ns3jhio,"My 1st product is called ""Instabanana"". It's a virtual try on clothing solution which users AI to try-on any outfit. I mainly develop for a Chrome extension but I thought of mobile users as well and made a website which is accessible by anyone. Although, the product was good. It's hard to find my target audience. But I'm the 2nd saas product. I'm very clear with my target audience who are professional. So, I started providing value to those professional. I used LinkedIn, reddit, Facebook group especially who are looking for job or working as professional. It worked for me. So, we have to make clear decision of our target audience that's crucial.",SaaS,Reached 1000 usersü§©ü•≥,,
ns0y8nz,"Love this. Taking it a step or so further, thinking of a talk track from Alex Hormozi, love him or hate him (I know I preferred the latter). Paraphrasing/Adapting: Feature request: Oh, sorry your not having the experience you want, that's because the lifetime package is for our silver plan, the features your requesting are part of the gold plan. Does it make sense to upgrade to solve this for you? Service Complaint: Totally get it, looks like we onboarded you into our slimmer service model with your lifetime package, would you prefer to upgrade? As you said, adjust those models, always have a premium/buy-up option (even for your already monthly folks). Rough NPS, appreciate OPs honesty on those #s...",SaaS,Sold 340 lifetime deals for $149 each. 18 months later I regret every one.,,
nrz5zwt,"Sounds exactly like some of the advertising I've been exposed to by Vanta recently yes. Not that I entirely disagree with the sentiment. OP, what is your product?",SaaS,Got SOC 2 certified. Cost $28K. Won exactly one deal because of it.,,
ns4hqx3,"Fake story for people that have never actually worked in SaaS. Products for enterprises are quite different than those built for small companies so how could you have 80% feature overlap? Normally enterprise software has more customization and more built out features (overkill for small companies), and with that comes a much higher price than those built for small companies.",SaaS,partnered with a competitor and we both grew faster than fighting each other,,
ns0foc1,The biggest mistake with LTDs is not setting clear boundaries for support expectations,SaaS,Sold 340 lifetime deals for $149 each. 18 months later I regret every one.,,
ns4679l,"# ‚ôæÔ∏è [informiton.com]( Advancing Health with Intelligent Healing Signals Informiton delivers targeted information-bearing signals to restore balance, strengthen resilience, and support the resolution of disease in humans, animals, and agriculture.",SaaS,Monthly Post: SaaS Deals + Offers,,
ns0yinc,"In just over 18 months, you‚Äôre ahead. That‚Äôs not bad ROI. Pick up a second enterprise and you‚Äôre winning.",SaaS,Got SOC 2 certified. Cost $28K. Won exactly one deal because of it.,,
ns1shik,"Obrigado! That‚Äôs a great point for the first few users. My main struggle is what happens after that initial list is exhausted. That‚Äôs when the grind of finding strangers for hours every day really kicks in, which is the part I find so draining. It feels like a totally different, much harder problem to solve.",SaaS,"For those who have successfully acquired their first 10-20 customers for validation, what actually worked?",,
ns1d1hm,Sounds like a win‚Äëwin. Keep the referral criteria tight and regularly measure conversion rates so you can adjust the split as the market evolves.,SaaS,partnered with a competitor and we both grew faster than fighting each other,,
ns3erp7,"More like validating an mvp. We are building TalkBI, an ai tool for business intelligence. Its hard to get people to connect databases when no one knows you etc, quite risky for the customer. So we create demo data sets and reached out to teams of complementary products to ask for feedback. This created a warm(ish) relationship and some after this became clients or partners or even supported with comarketing activities. The 4-5 hours you talk about are important even though they seem boring. If you are not willing to put in the time for that how do you expect someone will put equal time into learning how your product works?",SaaS,"For those who have successfully acquired their first 10-20 customers for validation, what actually worked?",,
ns3n9mk,Wow congrats üéâ,SaaS,Reached 1000 usersü§©ü•≥,,
ns1o0d5,"The burnout thing is real. What worked for me was flipping the mindset - instead of trying to reach lots of people, I went deep with like 5-10 potential users. Find people who have the problem you're solving and ask if you can build it with them. Not ""try my product"" but ""I'm building something in this space, would love your input."" Most will say no but the ones who say yes become invested. Those first design partners are gold. They'll tell you what's broken before you waste months building the wrong thing. And when it's ready, they're already half-sold because they shaped it. Way less time than cold outreach, and you're actually learning while you go.",SaaS,"For those who have successfully acquired their first 10-20 customers for validation, what actually worked?",,
ns1rwdo,"Thanks a ton for breaking this down, this is super helpful! The way you have everything feeding into each other makes a lot of sense. That content schedule sounds like a full-time job in itself, though. It really gets to the core of the problem: finding the time and energy to do all that without burning out before you even get validated.",SaaS,"For those who have successfully acquired their first 10-20 customers for validation, what actually worked?",,
nrxb7jb,"Every feature request is potentially an opportunity to convert them to a paying tier. Lifetime access is only for the feature set they bought. Develop the new feature on a pay tier and convert them to paying customers. Also they value support, so limit the support requests that they can make in the lifetime tier and upsell them to a higher support tier with more support.",SaaS,Sold 340 lifetime deals for $149 each. 18 months later I regret every one.,,
ns4hbr7,"I'm sorry to hear that. But what fantastic lessons to learn, all ready for the next one. What's next to be built...sorry marketed first? haha",Startup_Ideas,I spent 2 years building a health-tech app. It failed. Here is the honest post-mortem,,
ns36zbn,holy shit thanks for the award random man on the internet,Startup_Ideas,I indirectly made my startup idea successful,,
ns3ekid,"Wait. You call out bullshit courses but your whole product is a ‚Äútoolkit‚Äù? Is there anyone here that actually wants to provide a service and value add to others, before shilling a subscription thing?",Startup_Ideas,Tech startup founder at $7K MRR here's what I spent $11K on and honest ROI breakdown of resources that worked vs complete waste,,
ns3y9vh,"From my experience, the mansion problem hits every technical team the first time around. It feels safer to hide in ‚Äúbuilding‚Äù because the work is clear. Talking to users is the part that forces reality on you. I learned the same lesson the hard way. The moments that actually moved my projects forward were never the days I refined architecture. It was the uncomfortable conversations where someone told me the thing I built was not what they needed. What stood out in your post is how early the gut signals were there. The empty market, the lack of pull, the features drifting away from real demand. Those signals are easy to ignore when you have good tech and momentum. They get louder later, usually when you are already exhausted. You wrote a clean post-mortem. That alone puts you in a better spot for the next round. The people who can look at their own mistakes with that level of clarity are the ones who eventually get a win.",Startup_Ideas,I spent 2 years building a health-tech app. It failed. Here is the honest post-mortem,,
ns3hmm1,The answer is no. All these subreddits are just filled with bots shilling garbage companies at this point,Startup_Ideas,Tech startup founder at $7K MRR here's what I spent $11K on and honest ROI breakdown of resources that worked vs complete waste,,
ns2r5ys,The $5K mastermind full of $0 MRR founders is painful but probably common. How do you identify quality communities?,Startup_Ideas,Tech startup founder at $7K MRR here's what I spent $11K on and honest ROI breakdown of resources that worked vs complete waste,,
ns4qevt,"I think that marketing is very important and something that most overlook. The ""Mansion"" is a tricky part. Mansion takes too long. Your idea of an MVP might not have enough to make people want to come back. I think marketing which also includes talking to your potential user, you can find out what is needed for your MLP (Minimum Lovable Product). I don't fully agree with 3. A lot of times it is true, but some times vision can go a long way.",Startup_Ideas,I spent 2 years building a health-tech app. It failed. Here is the honest post-mortem,,
ns49y65,"thanks for sharing , hope your next endeavour works out!",Startup_Ideas,I spent 2 years building a health-tech app. It failed. Here is the honest post-mortem,,
ns0xyqt,"Happy to hear you‚Äôre doing better! How‚Äôs the business side of things, if you don‚Äôt mind me asking?",Startup_Ideas,I fed my breakdown into machine learning. The output was a startup.,,
ns1xo3c,"Good write up. However I would even change: You need to put as much energy into telling people about your product as you do into building it. to: You need to put more energy into telling people about your product as you do into building it. Building is easy, even if you are non-technical. In the old days you hired someone, now you can get sort of on the right track with AI and persistence. I wish all technical founders could learn this early on. (I was in this boat years ago and learned the hard way too). Heck it was hard enough to get noticed in the 90s/00s, today, must be 100x harder. And yes as you identified 3 people with same role/skills is a recipe for disaster.",Startup_Ideas,I spent 2 years building a health-tech app. It failed. Here is the honest post-mortem,,
nrzpmht,You explained your process well and it is clear that using AI helped you speed up the repetitive parts of building. That is becoming a huge advantage for solo founders who want to move fast without getting stuck on setup work. I like the focus on automating the foundation so you can actually spend time on the part of the product that matters. A lot of people are experimenting with similar workflows so it is interesting to see your specific approach. Curious to see how these AI heavy starter kits evolve and what kind of products they help people ship.,Startup_Ideas,How I Turned My SaaS Starter into an AI Beast and Shipped Faster,,
nrzgnvm,"They know it's slower, it's pretty evident compared to two years ago. I've discussed with them as well in our quarterly staff meetings. It's retail, so they don't really save or make me too much since the scope of their jobs is pretty limited. But what they do save me is the headache and personal capital of dealing with turnover/new employees. They're getting paid more each year for being reliable.",smallbusiness,Christmas bonus for small business with 2 employees and declining sales,,
n38hznw,Hi ! I‚Äôm From Italy! And i start a to sell a business strategy for beginners! [successio shop]( if you‚Äôre interested and you want give me a feedback I appreciate that!,smallbusiness,"In this post, share your small business experience, successes, failures, AMAS, and lessons learned.",,
ns2wpzb,My daughter owned a cookie business that we grew online. We called real estate agents and businesses to get accounts. The local college was a business we were targeting. Networking with businesses was most successful for us and cold calling businesses then sending them samples.,smallbusiness,how do we grow our small home-baked goods business online?,,
ns2j52p,Check out NextDayFlyers.com. They have great quality.,smallbusiness,Business card price comparison.,,
n3l637t,"Just started a data removal service with a few extra steps to beat out the competition. About to launch the website in the next day or two. Looking for tips on marketing ideas, social media posts style ideas, and anything really. Give us a follow on IG and facebook if you can! @PrivacyReset. Tell me what i‚Äôm doing wrong so far!",smallbusiness,"In this post, share your small business experience, successes, failures, AMAS, and lessons learned.",,
ns2fif2,Today have a nice Busienss card Also have an electronic card you can text people - Linktree,smallbusiness,Business card price comparison.,,
ns1ggdm,"Outsourcing certain parts of the business, for sure. I started trusting a freelancer with web design and backend programming work, he turned out to deliver high quality work fast. I have a team for email marketing now, they come up with ideas for marketing campaigns and free up my mind for customer relations, brand acquisition and other core business tasks",smallbusiness,Small business owners: what‚Äôs the smartest shift you made this year?,,
ns2eill,"If you‚Äôre buying or selling a small business, I run a boutique M&A advisory firm that helps owners avoid surprises during due diligence. I specialize in Quality of Earnings, valuations, and working-capital reviews for $1‚Äì$20M deals. If you want a sanity check before signing an LOI or closing, feel free to reach out. Happy to help fellow entrepreneurs.",smallbusiness,"Promote your business, week of December 1, 2025",,
nrxwf9u,"ADA does not explicitly require any level of WCAG conformance, only recommends them for guidance when making your website accessible, leaving it up to state and local governments to interpret what that means. It‚Äôs part of what makes these nuisance lawsuits so effective, as there is no definitive ‚ÄúYes‚Äù you can answer to ‚ÄúIs my site accessible by ADA standards?‚Äù only ‚ÄúProbably.‚Äù",smallbusiness,"My friend got an ada demand letter and showed me the actual settlement agreement they wanted him to sign, this is insane!",,
ns4vrz2,"Appreciate the shoutout! You hit the nail on the head regarding 'Intent.' You are totally right‚Äîif an ad is just a digital billboard screaming 'BUY NOW,' people ignore it (and it gets expensive fast). The sweet spot I've found is treating Ads as Paid Content Distribution. Instead of paying to force a sale, you pay to put that high-value content (that they were looking for) in front of them faster. That way, you get the speed of Ads with the trust of Content. Best of luck to us both!",smallbusiness,Are any small businesses out there having a lot of success with social media paid advertising?,,
ns17uia,I wasted 50% of my time making social media posts. Finally I accepted it‚Äôs not my strength and not worth the effort. Instead I started sending gifts to influencers in my niche. Not only do I have more time but they bring more sales and new followers!,smallbusiness,Small business owners: what‚Äôs the smartest shift you made this year?,,
ns3p263,Why didn't your bookkeeper catch this earlier -- isn't part of their job checking expense reports?,smallbusiness,I caught an employee submitting fake expense reports,,
ns2fm6p,"If you have time this week or next, I would love to chat with you about some strategies that could potentially be a good direction for your business. No pressure to buy anything from me, but I own an agency with my two partners and I would love to see a business like yours succeed. Happy to chat about what we feel are best practices for scaling a business up in terms of marketing and branding.",smallbusiness,how do we grow our small home-baked goods business online?,,
ns2j4ri,Do you have an ax in your apartment?,smallbusiness,Business card price comparison.,,
n215sho,"I think a simple lesson I learnt is dont pay patent fee too early. I thought the patent would protect me and make me looks better if I have something called ""patent pending"", but the reality is the patent process cost so much money, and I realize if I dont give sales, the patent(I mean most small business owner would not have significant patent we should admit) actually is so less value. So sales",smallbusiness,"In this post, share your small business experience, successes, failures, AMAS, and lessons learned.",,
ns3o0yz,"That much money is starting to get close to felony territory for theft. I don't know what the actual cutoff is, but you should definitely be thinking about pursuing criminal charges. Talk to your lawyer and possibly the cops. Edit: I use Zoho expense. It works pretty darn good, but I don't really have any experience with any other systems. It might work for you.",smallbusiness,I caught an employee submitting fake expense reports,,
n9iaex0,"$300 million in small business lending over the past 17 years‚Ä¶Ask me Anything Hi everyone. I run the lending department (SBA, Commercial, Small Business, Consumer and residential mortgages) for a small community bank in Central Florida. I only lend in my market so I have nothing to gain from 99% of the people who are here‚Ä¶I‚Äôm just genuinely here to be a resource and learn from each of you. Look forward to interacting and growing together. AMA and I‚Äôll do my best to help!",smallbusiness,"In this post, share your small business experience, successes, failures, AMAS, and lessons learned.",,
ns2i17u,"Have you tried partnering with local coffee roasters or cafes? Nothing beats the combo of good books and good coffee, plus it could bring in people who might not have wandered into a bookstore otherwise",smallbusiness,"Establishing Our Small Business Presence in Local Markets: A Journey Filled with Challenges, Triumphs, and Much More!",,
n6894rl,"Content ideation and script writing took too long. As an entrepreneur of a small business, there's a lot of expectation for you to do many things even if you don't enjoy them. For me, it's creating content for the business. It's one part of the week that I despise, because it takes me way too long and it just kills any momentum I had for that day. So I automated the process using N8N, Discord and chatGPT. What took me hours in a single day is now a 10 minute process initially. Then I take the time to review and refine. I wanted to share the process and free resource to the r/smallbusiness community in case this is helpful for you and your business. [",smallbusiness,"In this post, share your small business experience, successes, failures, AMAS, and lessons learned.",,
ns0zlwf,Leave professional tasks to professionals to save time.,smallbusiness,Small business owners: what‚Äôs the smartest shift you made this year?,,
ns23x6r,"Everyone buys with their eyes, first. Are you losing potential sales at first glance? Hi, I'm Sam - a design partner and printer. I have over 10 years experience in design - especially branding, print, and signage. My clients are typically small businesses and hobbyists who need a hand up. There's so much in this world of vectors, and typography, color theory - I can help you understand why it matters. Think good design is too expensive? Consultations are free - I want to get to know you, your business, your goals. My print prices are comparable to - or better than Vistaprint - all with a thoughtful, human touch! No AI. Ever. [SER Design ](",smallbusiness,"Promote your business, week of December 1, 2025",,
ns1qyvc,Find the right developer. [Technical Interviewers]( provides vetted coders that are hand-picked for your needs. Our screening process uses IT professionals as interviewers so that you get only the best. Not ready for a developer yet? We also offer planning and consulting sessions to help you turn your idea into a real product.,smallbusiness,"Promote your business, week of December 1, 2025",,
ns46v00,"The bookkeeper is either 1) incompetent 2) in on it. Either way, terminate.",smallbusiness,I caught an employee submitting fake expense reports,,
ns2laa2,"Getting a proactive assistant app to help me with all the notes, todos management",smallbusiness,Small business owners: what‚Äôs the smartest shift you made this year?,,
nrz2dsc,A weeks pay is what I do,smallbusiness,Christmas bonus for small business with 2 employees and declining sales,,
nrzddx3,"This is my view as well. In a sense, I am paying out of pocket for their bonuses. My portion of the pie has shrunk quite a bit the last 2 years while theirs gets bigger. But that's the nature of owning a business. I take the hit when things go bad and I reap the rewards when things go well. The end of the year bonus is only $1,000 or so, but payroll goes up around $5,000 each year when you factor in the additional wages, payroll taxes, 401k, workers comp insurance. $6,000 in additional employee-related expenses isn't going to bankrupt me but that's also not an insignificant sum for a very small business. This is not passive income for me and I work here full-time.",smallbusiness,Christmas bonus for small business with 2 employees and declining sales,,
ns401ay,"Can you legally withhold a paycheck? I'm no lawyer, but I believe the law would view it as a separate issue. I agree with giving them the opportunity to respond and pay it back, and otherwise pursuing legal options.",smallbusiness,I caught an employee submitting fake expense reports,,
ns3wblq,"Felony theft is usually between $500 - $2500 in the USA depending which state. Edit: I don‚Äôt know from experience, I just googled it. lol.",smallbusiness,I caught an employee submitting fake expense reports,,
ns4t9cv,"Thank you so much for this feedback, we did the insole sizing on a curve so not a lot of large sizes but a ton in the middle to hopefully deal with that issue you‚Äôre talking about. But thank you so much for the feedback!",smallbusiness,First product launch in 3 weeks ‚Äî what would you prioritize with almost no budget?,,
ns1ztkh,Enchanted Mallow sells homemade gourmet marshmallows from a cottage kitchen. We ship anywhere in the US.,smallbusiness,"Promote your business, week of December 1, 2025",,
nryxrd9,"I own a retail business so most people start off pretty low. Starting pay will be anywhere from 10-50% above minimum wage. I want to make sure their wages are at least outpacing inflation, which I consider the minimum. As far as retail goes, it's pretty generous and my turnover is pretty low. These employees have been with me for over 2 years and I try to value consistency.",smallbusiness,Christmas bonus for small business with 2 employees and declining sales,,
ns2p3oi,"I create websites, bots and scrapers. DM me if you need my services. I can share my portfolio too.",smallbusiness,"Promote your business, week of December 1, 2025",,
ns2as10,I cut down my shop size and lowered my liability for rent. When tariffs hit I was already feeling the pressure this year. That move alone saved me about a grand a month and helped me breathe a lot easier,smallbusiness,Small business owners: what‚Äôs the smartest shift you made this year?,,
ns4d1yh,"Pointing this out - this is why taking vacations/going on leave actually is a control measure in accounting 101, when another set of eyes is on there looking and going over someone else's work can help bring these things to a head. If you can see if you have room to hire another or get someone else trained in bookkeeping/accounting to work on days your first bookkeeper is not in. Edit: Going over the other comments, many are jumping to say that your first bookkeeper is in on it. I don't think it's as malicious as others are saying, hanlon's razor and all that. We have no idea what the workload the original bookkeeper is under. I would to say it's easy for the bookkeeper to look over these things as they are just assuming everything was approved and they believe there was no ill-intent from who they were getting the receipts from.",smallbusiness,I caught an employee submitting fake expense reports,,
nrzckbt,"It is not required, if the viability of the company is at risk then explain it to them. It is a bonus not a requirement even raises can be pulled back to help slow down your expenses from rising.",smallbusiness,Christmas bonus for small business with 2 employees and declining sales,,
ns3pkta,"Have you talked with your bookkeeper? You you might want to look into expense management software that at least flags duplicates and weird patterns automatically. We switched to Ramp at my company a few months ago and it's been pretty good at catching stuff like this before it even gets submitted since it'll flag suspicious receipts and duplicates right away. Obviously won't help with the employee who's already stolen from you, but might prevent it from happening again with someone else",smallbusiness,I caught an employee submitting fake expense reports,,
nc2yzep,"Hi everyone! I finally launched my jewelry brand, Mukti, in February. It's a dream project for me, but I'm hitting a wall I can't get past. The Struggle: We're getting consistent website traffic but have made zero sales. What I've Tried: Ads: Ran campaigns on Facebook, Instagram, and Google. Influencers: Collaborated with micro-influencers through Social Cat. * Result: We've grown to about 55 followers organically, which is great, but it hasn't converted at all. I'm trying to figure out if it's the messaging, the product photography, the pricing, or something else entirely. Has anyone else in the jewelry niche experienced this painful gap between traffic and sales? I would be so grateful for any similar stories or advice on what finally worked for you. IG: Muktijewelry",smallbusiness,"In this post, share your small business experience, successes, failures, AMAS, and lessons learned.",,
n6rgbrk,Do you have any tips for someone that‚Äôs doing something similar? Or what were your best lessons in the first six months post launch?,smallbusiness,"In this post, share your small business experience, successes, failures, AMAS, and lessons learned.",,
nryxzmy,"Bonuses are a % of profits. No profit=no bonus. Great profits=great bonus. Last year they got $2hr worked for their bonus. This year, it won't be that much.",smallbusiness,Christmas bonus for small business with 2 employees and declining sales,,
ns24szn,"For me it was fixing my delivery/ops side. I used to manually plan routes and it killed half my mornings. Switching to an actual route tool (I use Upper) shaved off enough time that I could focus on sales again. It wasn‚Äôt a massive ‚Äústrategy shift,‚Äù just removing one annoying bottleneck.",smallbusiness,Small business owners: what‚Äôs the smartest shift you made this year?,,
nrz4499,How are profits? Gross sales is vanity. Did the employees meet their KPI‚Äôs? Are the KPI‚Äôs for their bonuses correctly aligned?,smallbusiness,Christmas bonus for small business with 2 employees and declining sales,,
ns3q987,"DM me a sketch of the idea, I can give you some insight in to cybersecurity solutions.",startups,I'm struggling to find a co-founder - I will not promote,,
nrxrk84,"[OFFERING] Are you looking to simplify your customer and sales management this holiday season? I‚Äôm offering full access to my Enterprise CRM, SkyRelate, completely FREE for the entire month of December. No credit card required, just powerful tools to help your business grow and stay organized. If interested, reply to learn how to get started with this limited-time offer! email: Happy-holidays@skyrelate.com or inbox us ur email and we you will recieve an temp pass you can change!",startups,[Hiring/Seeking/Offering] Jobs / Co-Founders Weekly Thread,,
ns3jqxi,What's your skillset? I'm a tech guy looking for industry domain or GTM skills.,startups,I'm struggling to find a co-founder - I will not promote,,
ns41upp,What are you doing in this time? What are both of your roles? Who is responsible for what? Missing the key information here.,startups,Struggles with co-founder on priorities - I will not promote,,
ns3ldfj,"Are there local startup meets / events nearby? Would try that. Pitch your idea, talk with people. Otherwise most people around probably don't have a founder spirit",startups,I'm struggling to find a co-founder - I will not promote,,
nl9dm9q,"Startup Name / URL Roo Assistant for developers/ Sales person - trykangaroo.ai Location of Your Headquarters austin , TX Elevator Pitch / Explainer Video New way to interact LLMs with a fixed context window with all the LLMs capabilities and unlimited memory and it never forgets anything you tell it because you don't have to learn how to write a prompt or context . Just ask what you need and get it done from writing code to booking flights and restaurant. More Details: What life cycle stage is your startup at? Product-Market-Fit Your role? I'm the Co-Founder. How could [r/startups]( help? Looking for People to try the product. Discount for [r/startups]( subscribers? It's free .we are at a pre beta so limited people",startups,Share your startup - quarterly post,,
ns4ne2z,Self funding is a dangerous game. I can self fund but I usually don‚Äôt because I want external validation to make sure I am not being stupid. Also some people don‚Äôt like this but it also helps create better controls. It can also make recruiting a lot easier. Also things always cost more than you think. So I try to avoid it. But I‚Äôm most of what you mention about incubators and similar types of things is negotiable. They any act like it‚Äôs not but they want to back successful things so if you are self funding that‚Äôs a reasonable proof point and while you didn‚Äôt say it might imply you have achieved some degree of success already which is another strong proof point. So I‚Äôd try to negotiate. Be very selective must tier 2 or lower accelerator/incubators are sort of hit or miss. And mostly miss. So do a lot of research and make sure you have a plan for how to extract value from it that exceeds what you are giving up.,startups,"Patent with about 3,000 committed hardware/IoT device sales. What is the best development path if I can self-fund? - I will not promote",,
ns50r4s,"OP has clients, they've validated.",startups,"Patent with about 3,000 committed hardware/IoT device sales. What is the best development path if I can self-fund? - I will not promote",,
ns54h3f,I'm in the same situation. Organic growth and word of mouth will happen eventually... how so we speed this process up on limited budget?,startups,I will not promote. Quick survey for solo founders - what‚Äôs blocking you from your next milestones?,,
ns3lo7x,"When you say you are looking for a 'technical co-funder"" I assume that means (just like the many others I've seen in the past);... ... is that you are looking for someone with technical skills to build your product but you don't want to pay them for that work. skilled people will either want to be paid to work on your project, or the will be happy to work for free... on their own project.",startups,I'm struggling to find a co-founder - I will not promote,,
ns53spk,"This is the biggest obstacle for soooo many founders, embracing failure is not a fast or easy mindset to establish... ""Fear is the mind killer.""",startups,I will not promote. Quick survey for solo founders - what‚Äôs blocking you from your next milestones?,,
np1ih8r,"Hey - I'm a product strategist who's worked with PlayStation, Chanel, Sainsbury's. I'm offering 10 free strategy sessions to early-stage founders to validate my new service. Happy to help with vision prop, personas, or roadmapping. No strings. Just looking for feedback. If interested, find my email from my website at [",startups,Share your startup - quarterly post,,
ns31y90,"You need 100-120 interviews typically to land investment. Pre-seed could be significantly more if this is your first company which it sounds like. I‚Äôve never heard of co-developing either, VCs are investors not cofounders.",startups,Approaching multiple VC firms - I will not promote,,
ns54dyj,Money money money,startups,I will not promote. Quick survey for solo founders - what‚Äôs blocking you from your next milestones?,,
ns3yzej,See if you can build it with vibecoding and get proof that your idea works and you're the guy to build it. Makes it much easier to get people on board.,startups,I'm struggling to find a co-founder - I will not promote,,
ns47g3k,"Hey Andy, I have a startup which I co-founded 3 years ago with my friend, who serves as the CTO. My friend is now leaving due to health issues and we are in the middle of a massive pivot. I need a CTO to take over something that we built to challenge the best automation legal tech platforms out there. We automate intelligent work :) We have received incredible response from the industry, particularly ""Big Law"". Entirely bootstrapped; have been resisting VC. We have some really good friends who love what we do! I was going to make a massive post about this and look for some amazing talent, but thought I'd respond to your comment. By the way we are entirely US based.",startups,I'm struggling to find a co-founder - I will not promote,,
ns4pzy0,"I have a co-founder we have different time zone Important is clarity in everything Equity, role, investment, goal, vision",startups,Found a cofounder on YC platform. (I will not promote),,
ns43jqd,what kind of co-founder are you looking for and where are you searching? sometimes the problem isnt finding people its being clear about what youre actually building and why someone should join,startups,I'm struggling to find a co-founder - I will not promote,,
ns4s6hv,What i have experienced is fear of failure,startups,I will not promote. Quick survey for solo founders - what‚Äôs blocking you from your next milestones?,,
ns56es8,Bro i am experiencing all of this but i am not doing some technical I am a founder also owns 95% of the company The co founder is CTO owns 5% plus salary I do everything for the company aside for technical part. It is very hard emotionally. Do you want to connect and do mastermind?,startups,"Building my first AI SaaS solo, the hardest part wasn‚Äôt technical (I will not promote)",,
ns4osee,"Initial eyeballs for validation. Without an existing audience of followers, significant ad budgeting, or a massive existing contact list, how do you get actionable visibility?",startups,I will not promote. Quick survey for solo founders - what‚Äôs blocking you from your next milestones?,,
ns1p9dk,"Thank you, since we are pre-revenue I hadn't really considered as I assumed these things are pricey, but I've heard they can be pretty cheap so I will look into. Appreciate this",startups,Just launched edTech app piloting in schools - do we need insurance? - I will not promote,,
ns4ycbk,"What your friends and family think don't really matter, unless you plan on having them be your source of income. You are going about this backwards. Here is what I would do: You start with a problem and an idea of who has this problem. You talk to these people about the problem to learn as much nuance about the problem as possible. You never mention your idea to them at all. After you have hit diminishing returns on the learning, then you come up with your idea for a solution. You pitch this solution to new people. I would ask them what is the biggest reason this solution would NOT work for them. After you have refined this solution to the point where they ask you about price or about when they can start using it, then you move on to testing the pricing with them. Then you get a handful of people agree to buy it, NOW you build it.",startups,How to sell/validate your product (app) - I will not promote,,
ns3jp5l,If you don‚Äôt have knowledge in the domain how do you know that the problem you are trying to solve exist. Either way you are in the right place just find the right niche subreddit and post the problem. You can go from there then,startups,I'm struggling to find a co-founder - I will not promote,,
ns1nzrp,The latter is covered so no worries about that!,startups,Just launched edTech app piloting in schools - do we need insurance? - I will not promote,,
ns3k9qc,"If you feel you need a cofounder before you can start - your idea is probably already dead. Assume you never find someone, then what? It sounds like an artificial boundary and maybe you should be looking at other means to get started. You don't need a cofounder.",startups,I'm struggling to find a co-founder - I will not promote,,
ns3pezv,"Why would I not pay a co founder? And also i think i threw the term skilled loosely. I am not looking for an expert, and I can build it myself, albeit it would take VERY long",startups,I'm struggling to find a co-founder - I will not promote,,
ns4oz5i,"You can find an end to end develop and manufacture solution for the boards. FW/HW and turn key manufacturing. That will run you $30k to $200k depending on your design and what the end product should look like. Some places will even help you with the pipeline infrastructure. Sparx in Houston is someone I have used before. For the front end you will need an in house person for that most likely, you don‚Äôt want to rely on a contractor for that if you can avoid it. Once the IoT device is built it‚Äôs pretty easy to maintain.",startups,"Patent with about 3,000 committed hardware/IoT device sales. What is the best development path if I can self-fund? - I will not promote",,
nrnzo4l,[Seeking co-founder] I am pretty technical and have built in the web3 and AI space. I also come from a business school background. I'm looking for someone who really loves customer discovery and marketing to partner with. Feel free to DM me on Reddit,startups,[Hiring/Seeking/Offering] Jobs / Co-Founders Weekly Thread,,
ns43a3w,"I've been through that couple of times. I think at first you two just need to find a way how to communicate effectively, and make sure that you can (at least) tolerate each other. Then you both need clear separation of responsibilities, better if written and agreed. As co-founders you both have to be autonomous, this is crucial, otherwise one of you will need to babysit another. Everything else you'll figure out eventually.",startups,Found a cofounder on YC platform. (I will not promote),,
ns4rlfy,Getting ready for first release.. too many questions and dilemma..,startups,I will not promote. Quick survey for solo founders - what‚Äôs blocking you from your next milestones?,,
ns3bi72,You may be an outlier but I‚Äôd temper expectation of landing a VC at ideation phase / pre-seed. Recently saw a panel of VCs at a local Entrepreneur Week event say they have minimums of revenue (B2B) and user count (B2C) to even qualify for consideration (for Seed rounds) - ie well after ideation.,startups,Approaching multiple VC firms - I will not promote,,
ns2blu5,An unlikely question from a VC at this stage- ‚Äúwho else are you talking to?‚Äù. The right answer- ‚Äúeveryone‚Äù,startups,Approaching multiple VC firms - I will not promote,,
ns51wpi,considered EF??,startups,I'm struggling to find a co-founder - I will not promote,,
ns12uu6,"\[SEEKING\] \[JOB\] Pitch: I‚Äôm a multilingual guy (KR/EN/JP) looking for a new place to keep and build my career If you need someone to help expanding or working in Korea/Japan/US, build partnerships, negotiate deals, and push a brand or product into international markets. Global BizDev / sales / negotiations JP/KR/US market entry (local culture + language fluent) On-the-ground execution (I can travel anytime) Content / creator / fashion / entertainment ecosystem understanding * Preferred Contact Method(s): DM or chat",startups,[Hiring/Seeking/Offering] Jobs / Co-Founders Weekly Thread,,
nrpqaq1,"[OFFERING] I recruit developers for startups, and consult on project planning and execution. Pitch: You want to make an app. But what do you do next? Contact me. If you're not sure whether your idea is workable, I'll help you determine feasibility. If your plan is incomplete, I'll give you guidance on how to finish it. And if you need someone to build your app, I'll find the right developer for you. Don't let your idea stay an idea. DM me or email me at rjgoodman@techinterviewers.com to learn more.",startups,[Hiring/Seeking/Offering] Jobs / Co-Founders Weekly Thread,,
ns1nfme,You should get it and you should make sure your privacy/data security practices are up to par,startups,Just launched edTech app piloting in schools - do we need insurance? - I will not promote,,
ns3jyt1,What are you trying to build? I am a software developer and maybe we can build something together?,startups,I'm struggling to find a co-founder - I will not promote,,
ns51qd7,"Congrats on what you've achieved! Get working capital from your clients in exchange for a discount. There's no need to put your own money down. Partner with a firm to help figure things out. Ideally, you want them one-hundred percent aligned with your vision. Partnering on equity basis for long-term relationship. Realistically, it's probably easier to pay a supplier, rather than seek a partner. Get further validation. Learn a lot. Good luck!",startups,"Patent with about 3,000 committed hardware/IoT device sales. What is the best development path if I can self-fund? - I will not promote",,
ns45999,You each have different jobs. You can't both have the same job.,startups,Struggles with co-founder on priorities - I will not promote,,
ns22hul,You will likely end up talking to dozens of VCs before landing in a mutual fit. It‚Äôs expected,startups,Approaching multiple VC firms - I will not promote,,
